user_id,movie_id,feedback,model_id,avg_rating
0,122912,3.072970914329674,B,2.805489311505036
0,122914,3.1595196400178427,B,2.805489311505036
0,89745,1.0,B,2.805489311505036
0,122920,1.225143419812202,B,2.805489311505036
0,110102,2.5308827861296654,B,2.805489311505036
0,122882,3.0474808590101907,B,2.805489311505036
0,122916,3.935395961847353,B,2.805489311505036
0,8636,3.525719478197057,B,2.805489311505036
0,106487,3.589605456403015,B,2.805489311505036
0,122906,4.059354069347895,B,2.805489311505036
0,91500,3.125110356156519,B,2.805489311505036
0,168252,2.078282517994043,B,2.805489311505036
0,122892,2.278554688056819,B,2.805489311505036
0,111362,2.5358111394021137,B,2.805489311505036
0,88140,2.9185083858711574,B,2.805489311505036
1,1035,3.0097394630043084,B,2.1325631784697907
1,17,1.6353743371745098,B,2.1325631784697907
1,339,1.9834550134986786,B,2.1325631784697907
1,7669,1.8296915642078617,B,2.1325631784697907
1,261,1.808812462326764,B,2.1325631784697907
1,595,1.0,B,2.1325631784697907
1,166643,4.034197397145421,B,2.1325631784697907
1,34,2.9265062577353627,B,2.1325631784697907
1,277,1.3035137027271728,B,2.1325631784697907
1,217655,2.4118682070479482,B,2.1325631784697907
1,3247,1.768758911783714,B,2.1325631784697907
1,899,2.51949169854835,B,2.1325631784697907
1,914,2.5280241692256626,B,2.1325631784697907
1,1271,1.5689821895201508,B,2.1325631784697907
1,2125,1.6600323031009578,B,2.1325631784697907
2,7153,1.9399149036168808,B,2.2513117478556848
2,5952,1.5164731893900498,B,2.2513117478556848
2,4993,2.7354206473140357,B,2.2513117478556848
2,116797,3.223543199006876,B,2.2513117478556848
2,1035,1.8102446491919961,B,2.2513117478556848
2,72641,2.729755551983337,B,2.2513117478556848
2,106489,3.0641015962606586,B,2.2513117478556848
2,1287,3.43783303074125,B,2.2513117478556848
2,7669,2.095273136548503,B,2.2513117478556848
2,40629,1.0,B,2.2513117478556848
2,166643,1.0,B,2.2513117478556848
2,953,3.2341090989972363,B,2.2513117478556848
2,92259,2.2317478167977995,B,2.2513117478556848
2,98809,1.0,B,2.2513117478556848
2,920,2.7512593979866504,B,2.2513117478556848
3,1198,2.3899646334964633,B,1.8585759437038933
3,1270,1.982123560616242,B,1.8585759437038933
3,1136,2.345156458733504,B,1.8585759437038933
3,2791,1.7401323237780668,B,1.8585759437038933
3,589,1.5276026287542934,B,1.8585759437038933
3,1196,1.8329534244209444,B,1.8585759437038933
3,1197,1.0,B,1.8585759437038933
3,2716,2.9088147636123867,B,1.8585759437038933
3,1036,1.9259479848558425,B,1.8585759437038933
3,296,2.721914111352564,B,1.8585759437038933
3,260,1.778122376884855,B,1.8585759437038933
3,1265,1.0,B,1.8585759437038933
3,1148,2.2451202181000935,B,1.8585759437038933
3,8874,1.2532514899361233,B,1.8585759437038933
3,1291,1.22753518101702,B,1.8585759437038933
4,480,2.6276266705664604,B,2.247332557224419
4,589,1.0327979832419345,B,2.247332557224419
4,1270,1.9939320595411707,B,2.247332557224419
4,2011,2.61998483221946,B,2.247332557224419
4,2012,1.6118948900562113,B,2.247332557224419
4,1036,1.6629879986961253,B,2.247332557224419
4,780,1.0,B,2.247332557224419
4,1240,2.8777183139876197,B,2.247332557224419
4,377,4.003123188296791,B,2.247332557224419
4,380,2.4820135465453816,B,2.247332557224419
4,1200,2.4533212433310507,B,2.247332557224419
4,2916,3.15221889873892,B,2.247332557224419
4,3527,1.1316274379196498,B,2.247332557224419
4,1198,1.0,B,2.247332557224419
4,736,4.060741295225514,B,2.247332557224419
5,6934,3.016406539161241,A,2.034903783637169
5,315,2.999348792185696,A,2.034903783637169
5,6365,1.5931048537987982,A,2.034903783637169
5,94864,1.4252505294888556,A,2.034903783637169
5,111360,1.6209484200807864,A,2.034903783637169
5,71838,2.0401832435772245,A,2.034903783637169
5,2023,1.0,A,2.034903783637169
5,1687,1.0,A,2.034903783637169
5,68319,1.0,A,2.034903783637169
5,84152,2.9111302456842494,A,2.034903783637169
5,7458,3.4283006477705293,A,2.034903783637169
5,1690,2.3182173849504175,A,2.034903783637169
5,51935,2.7971936523034135,A,2.034903783637169
5,90405,1.0,A,2.034903783637169
5,109487,2.3734724455563243,A,2.034903783637169
6,858,3.283278287690781,A,2.1623275387933063
6,1193,1.8537842751554767,A,2.1623275387933063
6,1203,1.1218092998783282,A,2.1623275387933063
6,1221,1.9544983451252673,A,2.1623275387933063
6,159817,2.470282577913123,A,2.1623275387933063
6,171011,1.3069926447264022,A,2.1623275387933063
6,750,5.0,A,2.1623275387933063
6,1208,2.409988390237329,A,2.1623275387933063
6,111,1.4343372836852493,A,2.1623275387933063
6,608,3.445148974697948,A,2.1623275387933063
6,527,2.698632575989698,A,2.1623275387933063
6,44555,1.0,A,2.1623275387933063
6,6016,2.2428013654982424,A,2.1623275387933063
6,1230,1.2133590613017486,A,2.1623275387933063
6,296,1.0,A,2.1623275387933063
7,202439,1.9786037037540143,B,2.348341691144165
7,2959,1.845030970337385,B,2.348341691144165
7,47,2.6589112129056205,B,2.348341691144165
7,171011,3.149503043341536,B,2.348341691144165
7,593,1.869969412770013,B,2.348341691144165
7,7361,3.497620943188738,B,2.348341691144165
7,112552,2.290250684597263,B,2.348341691144165
7,1203,1.691527168295909,B,2.348341691144165
7,159817,1.1869763815409295,B,2.348341691144165
7,4226,3.275037650241425,B,2.348341691144165
7,318,4.248308146380758,B,2.348341691144165
7,3949,1.0,B,2.348341691144165
7,5618,2.6140657046242612,B,2.348341691144165
7,27773,1.7528864938122957,B,2.348341691144165
7,44555,2.166433851372324,B,2.348341691144165
8,296,2.474905515388024,A,2.2723953863624895
8,2571,3.226568877888285,A,2.2723953863624895
8,171011,2.416434783520315,A,2.2723953863624895
8,195671,2.2725767024591006,A,2.2723953863624895
8,2959,2.390920352943523,A,2.2723953863624895
8,170705,1.557545745151185,A,2.2723953863624895
8,220528,2.4520764973241906,A,2.2723953863624895
8,159817,2.3075213383046576,A,2.2723953863624895
8,139100,1.0,A,2.2723953863624895
8,179135,1.260715703000332,A,2.2723953863624895
8,171495,3.962126867190663,A,2.2723953863624895
8,86536,2.4752974459644306,A,2.2723953863624895
8,182723,2.57826965407921,A,2.2723953863624895
8,89985,1.916415137251801,A,2.2723953863624895
8,50,1.7945561749716272,A,2.2723953863624895
9,7153,1.7061590256889196,B,2.277741602958562
9,4993,1.5663436746914352,B,2.277741602958562
9,5952,3.407729777324684,B,2.277741602958562
9,58559,1.2468630642252152,B,2.277741602958562
9,98809,2.3048324584251683,B,2.277741602958562
9,1196,3.880567672062889,B,2.277741602958562
9,32587,3.9073075125215553,B,2.277741602958562
9,1210,2.737656504182405,B,2.277741602958562
9,122904,1.7997950805471468,B,2.277741602958562
9,2959,1.2873689211316774,B,2.277741602958562
9,91529,2.8450612193218,B,2.277741602958562
9,99114,1.6603744153641222,B,2.277741602958562
9,106489,1.7244896224152322,B,2.277741602958562
9,260,3.0915750964761815,B,2.277741602958562
9,122912,1.0,B,2.277741602958562
10,260,3.409871551238254,B,2.3437530033252103
10,1210,3.27996798720622,B,2.3437530033252103
10,1196,1.7033233651050583,B,2.3437530033252103
10,1035,3.2236512190459976,B,2.3437530033252103
10,920,2.325668853240506,B,2.3437530033252103
10,7153,2.097033970270357,B,2.3437530033252103
10,4993,3.216879397289055,B,2.3437530033252103
10,5952,5.0,B,2.3437530033252103
10,919,2.4730633986681756,B,2.3437530033252103
10,17,1.0,B,2.3437530033252103
10,912,1.0,B,2.3437530033252103
10,914,1.4444010461010803,B,2.3437530033252103
10,953,1.5823616224890527,B,2.3437530033252103
10,590,2.3270202244665037,B,2.3437530033252103
10,2628,1.0730524147578915,B,2.3437530033252103
11,8533,2.9924664887671004,A,2.2326613536770927
11,1721,2.1606469510390585,A,2.2326613536770927
11,112556,2.0033540209610052,A,2.2326613536770927
11,33166,3.707357506298422,A,2.2326613536770927
11,8622,1.9049282551045121,A,2.2326613536770927
11,5669,1.9735921073994436,A,2.2326613536770927
11,2858,2.008811985757848,A,2.2326613536770927
11,7254,2.5578741695366443,A,2.2326613536770927
11,3949,1.8333686963177618,A,2.2326613536770927
11,106782,1.951636986607229,A,2.2326613536770927
11,81591,2.0834478065634094,A,2.2326613536770927
11,74458,2.132335909045391,A,2.2326613536770927
11,39183,2.7437383630311194,A,2.2326613536770927
11,36,2.4363610587274374,A,2.2326613536770927
11,47099,1.0,A,2.2326613536770927
12,356,2.4023988754955563,A,2.307005164668546
12,527,3.365289665962165,A,2.307005164668546
12,590,1.0,A,2.307005164668546
12,110,2.113474800431729,A,2.307005164668546
12,318,2.319286814926731,A,2.307005164668546
12,858,2.1505353677633856,A,2.307005164668546
12,953,1.1602940981641336,A,2.307005164668546
12,2028,3.2120215210040883,A,2.307005164668546
12,457,2.7495083768178987,A,2.307005164668546
12,150,2.5257873207723014,A,2.307005164668546
12,1221,2.978166258372987,A,2.307005164668546
12,1954,2.861028767980996,A,2.307005164668546
12,1961,1.0,A,2.307005164668546
12,1234,2.3418846299456204,A,2.307005164668546
12,1097,2.4254009723905994,A,2.307005164668546
13,195671,1.0,A,1.5745343417200008
13,139100,1.0,A,1.5745343417200008
13,220528,1.0,A,1.5745343417200008
13,86536,1.329247252574016,A,1.5745343417200008
13,171011,2.063010573713713,A,1.5745343417200008
13,89985,2.8804858201267254,A,1.5745343417200008
13,159817,1.0,A,1.5745343417200008
13,137904,1.0,A,1.5745343417200008
13,90592,1.1910952216112025,A,1.5745343417200008
13,182723,3.5327961012611455,A,1.5745343417200008
13,171769,1.1119160577124565,A,1.5745343417200008
13,100044,2.9722580325205756,A,1.5745343417200008
13,42584,1.0,A,1.5745343417200008
13,52104,1.537206066280181,A,1.5745343417200008
13,26073,1.0,A,1.5745343417200008
14,58,1.446339954756079,A,2.2921463188198627
14,44555,3.2785540825065977,A,2.2921463188198627
14,800,1.6561331752115038,A,2.2921463188198627
14,142488,1.0,A,2.2921463188198627
14,912,2.190043834798074,A,2.2921463188198627
14,4973,2.518305828386749,A,2.2921463188198627
14,1172,2.843557425300541,A,2.2921463188198627
14,265,1.868204581036491,A,2.2921463188198627
14,515,3.5171591054423192,A,2.2921463188198627
14,50,1.5745577948353728,A,2.2921463188198627
14,17,3.2839686266204104,A,2.2921463188198627
14,1207,3.106529608915918,A,2.2921463188198627
14,1041,2.2187556506847126,A,2.2921463188198627
14,171011,2.6153638634935974,A,2.2921463188198627
14,159817,1.2647212503095786,A,2.2921463188198627
15,102903,1.0,B,1.998756824584327
15,159093,3.3454698568045744,B,1.998756824584327
15,116797,2.928841482859561,B,1.998756824584327
15,160438,1.0,B,1.998756824584327
15,110730,1.3287337530755368,B,1.998756824584327
15,109487,4.205344125702066,B,1.998756824584327
15,91542,2.601706297659003,B,1.998756824584327
15,51935,1.0049348153139743,B,1.998756824584327
15,91535,2.737242901244075,B,1.998756824584327
15,162606,2.1394485934110707,B,1.998756824584327
15,90405,2.2680910740373768,B,1.998756824584327
15,71838,1.3209248015538617,B,1.998756824584327
15,163645,1.0,B,1.998756824584327
15,2826,1.1070857140513792,B,1.998756824584327
15,134130,1.9935289530524254,B,1.998756824584327
16,296,2.8610921547578485,A,2.6178151769315807
16,7153,2.2846800925722928,A,2.6178151769315807
16,4993,3.6386221342746485,A,2.6178151769315807
16,5952,3.16419922871129,A,2.6178151769315807
16,2959,2.947992551155336,A,2.6178151769315807
16,858,2.2402203739170865,A,2.6178151769315807
16,6874,1.5501409286845356,A,2.6178151769315807
16,2858,2.329567153624903,A,2.6178151769315807
16,7438,2.026322991242893,A,2.6178151769315807
16,2571,3.335706391798059,A,2.6178151769315807
16,260,2.2768621158906024,A,2.6178151769315807
16,50,4.044657754872254,A,2.6178151769315807
16,1196,3.1197678004640634,A,2.6178151769315807
16,1221,1.8957380686373124,A,2.6178151769315807
16,68157,1.551657913370589,A,2.6178151769315807
17,5618,2.167971698005932,B,2.3757693268413016
17,5971,2.9331642332922083,B,2.3757693268413016
17,2324,2.737557188577896,B,2.3757693268413016
17,364,2.7637771642304467,B,2.3757693268413016
17,1073,2.2323693849496076,B,2.3757693268413016
17,3462,3.120564056840254,B,2.3757693268413016
17,68954,3.111263936559784,B,2.3757693268413016
17,1282,2.410708594517613,B,2.3757693268413016
17,5690,2.3981249173299064,B,2.3757693268413016
17,60069,4.073367178823701,B,2.3757693268413016
17,31658,1.2214467673809983,B,2.3757693268413016
17,171011,1.4929449058369886,B,2.3757693268413016
17,595,1.4096799100540593,B,2.3757693268413016
17,159817,1.5493230304163146,B,2.3757693268413016
17,3307,2.0142769358038155,B,2.3757693268413016
18,231,3.3786310793269396,A,2.130732674833569
18,344,2.924383767221234,A,2.130732674833569
18,159817,1.0,A,2.130732674833569
18,2795,1.0,A,2.130732674833569
18,2791,2.1127814496657447,A,2.130732674833569
18,858,1.0,A,2.130732674833569
18,171011,1.0,A,2.130732674833569
18,3552,3.07134782414077,A,2.130732674833569
18,1221,3.798496957630699,A,2.130732674833569
18,2804,1.825215038590927,A,2.130732674833569
18,195671,2.012256517340861,A,2.130732674833569
18,1136,1.6841710953128166,A,2.130732674833569
18,220528,1.7234487303839274,A,2.130732674833569
18,333,3.5101434541000924,A,2.130732674833569
18,3671,1.9201142087895242,A,2.130732674833569
19,260,2.408975952263239,B,2.4581258889009647
19,1198,2.8151291128727576,B,2.4581258889009647
19,1196,1.4297093002933807,B,2.4581258889009647
19,1210,4.358085882053148,B,2.4581258889009647
19,1291,1.0,B,2.4581258889009647
19,912,2.302242336426488,B,2.4581258889009647
19,1270,2.5433587747656263,B,2.4581258889009647
19,953,1.0,B,2.4581258889009647
19,1197,3.7025496775747273,B,2.4581258889009647
19,457,2.859528727640427,B,2.4581258889009647
19,1036,2.5099779306591787,B,2.4581258889009647
19,1234,1.83909193466846,B,2.4581258889009647
19,1262,2.802405166513191,B,2.4581258889009647
19,159817,3.4160937863993044,B,2.4581258889009647
19,150,1.8847397513845416,B,2.4581258889009647
20,593,1.9863419182126691,B,2.252562372573295
20,1214,1.184961986325463,B,2.252562372573295
20,589,3.0047737446259513,B,2.252562372573295
20,480,3.234373124461454,B,2.252562372573295
20,1200,2.643291281775871,B,2.252562372573295
20,171011,2.6552481811616166,B,2.252562372573295
20,1270,2.6229392206515567,B,2.252562372573295
20,159817,1.8255257313612554,B,2.252562372573295
20,1240,1.188201052730117,B,2.252562372573295
20,1203,2.610998876514575,B,2.252562372573295
20,195671,1.0,B,2.252562372573295
20,220528,3.2674754839846756,B,2.252562372573295
20,171495,2.5487986045298783,B,2.252562372573295
20,179135,1.0,B,2.252562372573295
20,139100,3.015506382264342,B,2.252562372573295
21,4973,3.0379720093925378,B,1.9267889366254598
21,171011,1.6956209694105067,B,1.9267889366254598
21,5618,1.298264422917223,B,1.9267889366254598
21,159817,2.362069150198313,B,1.9267889366254598
21,745,1.0,B,1.9267889366254598
21,720,1.2746768438616698,B,1.9267889366254598
21,88125,3.0613985886019877,B,1.9267889366254598
21,1148,1.3966846304230471,B,1.9267889366254598
21,7669,2.2684932652946244,B,1.9267889366254598
21,5971,1.4674066713834302,B,1.9267889366254598
21,270698,2.847443754581451,B,1.9267889366254598
21,17,2.480469528633213,B,1.9267889366254598
21,81834,2.2159474541472433,B,1.9267889366254598
21,195159,1.0,B,1.9267889366254598
21,109374,1.4953867605366518,B,1.9267889366254598
22,195671,2.8785393819124545,B,2.172811847950246
22,139100,1.5161928046076438,B,2.172811847950246
22,220528,3.268205540210791,B,2.172811847950246
22,182723,1.9749410626452164,B,2.172811847950246
22,86536,2.270030540432487,B,2.172811847950246
22,89985,2.8245201394593975,B,2.172811847950246
22,171011,1.9904618343593476,B,2.172811847950246
22,137904,2.543892216209363,B,2.172811847950246
22,176601,1.719562870106017,B,2.172811847950246
22,90592,2.9228251182255605,B,2.172811847950246
22,42584,2.312605237166374,B,2.172811847950246
22,171769,1.7988688830419333,B,2.172811847950246
22,52104,1.4237877415516262,B,2.172811847950246
22,261955,1.6537462260653415,B,2.172811847950246
22,127180,1.4939981232601403,B,2.172811847950246
23,17,3.440449018040984,B,1.9296463460810205
23,7669,1.2181745586301582,B,1.9296463460810205
23,171011,1.2420181872884206,B,1.9296463460810205
23,195671,1.5584087620580445,B,1.9296463460810205
23,159817,1.0,B,1.9296463460810205
23,139100,2.0269362024324704,B,1.9296463460810205
23,220528,2.337731779372626,B,1.9296463460810205
23,286897,2.7110472751539345,B,1.9296463460810205
23,182723,3.018740167068687,B,1.9296463460810205
23,89985,1.0,B,1.9296463460810205
23,93988,1.7749077972472644,B,1.9296463460810205
23,100044,2.3903103415576807,B,1.9296463460810205
23,127180,1.2891400498457264,B,1.9296463460810205
23,142115,1.0933164609683579,B,1.9296463460810205
23,86536,2.843514591550949,B,1.9296463460810205
24,2571,1.3120858376883566,B,2.1064024092454443
24,260,1.0,B,2.1064024092454443
24,171011,2.0593210883117923,B,2.1064024092454443
24,159817,2.389902874810584,B,2.1064024092454443
24,1196,3.0523778027894197,B,2.1064024092454443
24,541,3.167807267577089,B,2.1064024092454443
24,195671,1.6539701266367586,B,2.1064024092454443
24,170705,1.7771849400536868,B,2.1064024092454443
24,220528,3.144836000021394,B,2.1064024092454443
24,179135,1.5259596113493985,B,2.1064024092454443
24,171495,2.9543293324619464,B,2.1064024092454443
24,4993,2.0431832036293516,B,2.1064024092454443
24,139100,1.1910309443003184,B,2.1064024092454443
24,7153,1.0,B,2.1064024092454443
24,86536,3.324047109051562,B,2.1064024092454443
25,318,4.051806870956989,B,3.0515636658166385
25,50,2.157169916859398,B,3.0515636658166385
25,296,1.481481899077625,B,3.0515636658166385
25,47,2.2225005619794422,B,3.0515636658166385
25,593,2.7770081186079065,B,3.0515636658166385
25,2959,4.567779131477165,B,3.0515636658166385
25,48516,3.2382208915225297,B,3.0515636658166385
25,1704,2.566018837057931,B,3.0515636658166385
25,2028,3.034901161522027,B,3.0515636658166385
25,2858,5.0,B,3.0515636658166385
25,4226,1.3696761181537003,B,3.0515636658166385
25,527,1.9300868286514257,B,3.0515636658166385
25,58559,4.400588844580051,B,3.0515636658166385
25,79132,3.885777606773451,B,3.0515636658166385
25,356,3.090438200029936,B,3.0515636658166385
26,260,2.5829694599631257,A,2.4347885253719808
26,1196,5.0,A,2.4347885253719808
26,1210,3.479418059916875,A,2.4347885253719808
26,7153,1.0,A,2.4347885253719808
26,4993,1.0,A,2.4347885253719808
26,5952,1.6005370098981064,A,2.4347885253719808
26,122886,2.8392417172874476,A,2.4347885253719808
26,33493,3.430702172526914,A,2.4347885253719808
26,1198,1.148942524845947,A,2.4347885253719808
26,166528,2.0380715797613966,A,2.4347885253719808
26,2628,2.0340918645987567,A,2.4347885253719808
26,5378,3.2367190227180496,A,2.4347885253719808
26,170705,3.3576847338904683,A,2.4347885253719808
26,50,1.2809135692737934,A,2.4347885253719808
26,2571,2.4925361658988305,A,2.4347885253719808
27,260,2.460654808314488,A,3.174968304836021
27,1196,4.53370053054053,A,3.174968304836021
27,296,3.3287143749377295,A,3.174968304836021
27,1198,3.2612911278173256,A,3.174968304836021
27,4993,2.8749036555490584,A,3.174968304836021
27,7153,1.696667469318634,A,3.174968304836021
27,1210,2.920286137698239,A,3.174968304836021
27,858,3.9494565804794495,A,3.174968304836021
27,50,2.7070098149367268,A,3.174968304836021
27,5952,3.9420214955527584,A,3.174968304836021
27,1136,3.265512640320706,A,3.174968304836021
27,2571,1.7152394450221986,A,3.174968304836021
27,6874,3.0352012379726956,A,3.174968304836021
27,2858,4.380589348155383,A,3.174968304836021
27,318,3.553275905924396,A,3.174968304836021
28,858,2.4746657641631713,B,2.1788942012083012
28,1193,2.150593829633014,B,2.1788942012083012
28,171011,2.4122709706634122,B,2.1788942012083012
28,159817,2.239852360223163,B,2.1788942012083012
28,750,3.1924547417441107,B,2.1788942012083012
28,919,2.7022305399375863,B,2.1788942012083012
28,1221,2.2081715912362183,B,2.1788942012083012
28,1206,1.2855404304411242,B,2.1788942012083012
28,1136,2.070680550374858,B,2.1788942012083012
28,924,1.4240384557889216,B,2.1788942012083012
28,923,1.4467025278881165,B,2.1788942012083012
28,912,2.8780151164667918,B,2.1788942012083012
28,3462,1.4950177165783916,B,2.1788942012083012
28,2019,1.152068004233898,B,2.1788942012083012
28,1230,3.551110418751744,B,2.1788942012083012
29,260,1.1522501447952234,A,1.7438380651185426
29,171011,1.0,A,1.7438380651185426
29,159817,2.196577682131056,A,1.7438380651185426
29,318,1.8261786468562793,A,1.7438380651185426
29,1270,1.7587702484598426,A,1.7438380651185426
29,1198,1.1586174445145665,A,1.7438380651185426
29,593,2.974376518551868,A,1.7438380651185426
29,195671,1.183346089260179,A,1.7438380651185426
29,2571,1.43466507327977,A,1.7438380651185426
29,220528,3.4806234405467027,A,1.7438380651185426
29,2858,1.0,A,1.7438380651185426
29,139100,1.672929856441808,A,1.7438380651185426
29,171495,2.0193731471704384,A,1.7438380651185426
29,1196,1.7272071522348267,A,1.7438380651185426
29,356,1.5726555325355787,A,1.7438380651185426
30,2959,3.192625895504825,B,2.3452813100977448
30,296,1.9040789534351457,B,2.3452813100977448
30,122882,3.0043221284913066,B,2.3452813100977448
30,202439,2.106459729143595,B,2.3452813100977448
30,2700,2.794066604502706,B,2.3452813100977448
30,8874,2.412106850550527,B,2.3452813100977448
30,47,1.143016505525593,B,2.3452813100977448
30,195159,3.1650646866021392,B,2.3452813100977448
30,6874,3.8794058510180225,B,2.3452813100977448
30,27773,2.159334090583271,B,2.3452813100977448
30,7361,2.5875213997420037,B,2.3452813100977448
30,58559,1.3050454707021224,B,2.3452813100977448
30,1089,2.6137430078456023,B,2.3452813100977448
30,1261,1.1586153907960672,B,2.3452813100977448
30,68157,1.7538130870232458,B,2.3452813100977448
31,318,3.7013689743926697,B,2.513243424013417
31,1704,1.3658727085602,B,2.513243424013417
31,527,2.6132428935222998,B,2.513243424013417
31,2858,1.4138247531705215,B,2.513243424013417
31,1246,3.522072508036512,B,2.513243424013417
31,356,2.8482002040118397,B,2.513243424013417
31,50,2.1858438043346875,B,2.513243424013417
31,4973,1.4613708127143186,B,2.513243424013417
31,36,3.7173638427080933,B,2.513243424013417
31,508,1.9915657555299058,B,2.513243424013417
31,4995,1.5635256614707402,B,2.513243424013417
31,1584,2.339894199944873,B,2.513243424013417
31,171011,1.9964112089168513,B,2.513243424013417
31,7361,4.0158121033556675,B,2.513243424013417
31,2324,2.962281929532081,B,2.513243424013417
32,171011,1.2674062450585448,B,1.9237345185572328
32,159817,3.642163371632532,B,1.9237345185572328
32,858,2.719971591385613,B,1.9237345185572328
32,1203,3.629521390050887,B,1.9237345185572328
32,5618,1.0930011907465547,B,1.9237345185572328
32,170705,3.200091683805864,B,1.9237345185572328
32,296,1.8378298434043978,B,1.9237345185572328
32,179135,1.1276982438097618,B,1.9237345185572328
32,1214,1.0,B,1.9237345185572328
32,593,3.073566060083234,B,1.9237345185572328
32,171495,1.0,B,1.9237345185572328
32,1201,1.0003157984380913,B,1.9237345185572328
32,2019,1.0302447804193173,B,1.9237345185572328
32,202439,2.2342075795236975,B,1.9237345185572328
32,1221,1.0,B,1.9237345185572328
33,260,2.510169452100191,A,2.3690734787432217
33,159817,3.3166635560378035,A,2.3690734787432217
33,1198,3.5314905320328966,A,2.3690734787432217
33,171011,3.3416141092890053,A,2.3690734787432217
33,1196,1.0705140779575038,A,2.3690734787432217
33,170705,1.0,A,2.3690734787432217
33,1210,1.0,A,2.3690734787432217
33,1035,2.171032510781283,A,2.3690734787432217
33,139100,2.1561956547725676,A,2.3690734787432217
33,195671,4.798364386421995,A,2.3690734787432217
33,182723,1.1248997224125121,A,2.3690734787432217
33,179135,3.7595591837775792,A,2.3690734787432217
33,100044,1.142829140759146,A,2.3690734787432217
33,142115,1.4969315733027058,A,2.3690734787432217
33,1291,3.1158382815031382,A,2.3690734787432217
34,296,2.87333291610706,A,2.3111115561409066
34,171011,3.047612337071862,A,2.3111115561409066
34,220528,2.8261695457009326,A,2.3111115561409066
34,195671,1.6703276740523203,A,2.3111115561409066
34,159817,2.2180769537946974,A,2.3111115561409066
34,171495,3.134972256214523,A,2.3111115561409066
34,157373,1.0,A,2.3111115561409066
34,198185,3.2394464718101585,A,2.3111115561409066
34,105250,2.911982024143702,A,2.3111115561409066
34,26073,1.5493755257622313,A,2.3111115561409066
34,86536,1.0324599417177365,A,2.3111115561409066
34,139100,1.2259238268390438,A,2.3111115561409066
34,2997,3.168781036619058,A,2.3111115561409066
34,89985,2.3832463786099054,A,2.3111115561409066
34,1235,2.384966453670363,A,2.3111115561409066
35,202439,1.0,A,2.066985111245278
35,171011,1.0,A,2.066985111245278
35,109487,3.0148622590085274,A,2.066985111245278
35,220528,2.861202366428805,A,2.066985111245278
35,195671,2.3917050344580026,A,2.066985111245278
35,159817,1.0,A,2.066985111245278
35,179135,1.7395101669346176,A,2.066985111245278
35,171495,1.0,A,2.066985111245278
35,164179,2.474829276448219,A,2.066985111245278
35,182723,1.9730567339112812,A,2.066985111245278
35,139100,4.316633550427143,A,2.066985111245278
35,176601,1.0,A,2.066985111245278
35,26073,2.7447613924573107,A,2.066985111245278
35,170705,1.8671458924298547,A,2.066985111245278
35,86536,2.6210699961754145,A,2.066985111245278
36,2571,1.0,B,2.3199151128041398
36,110,1.0,B,2.3199151128041398
36,318,1.7310795419176768,B,2.3199151128041398
36,1721,2.3394125286279297,B,2.3199151128041398
36,2762,3.403810677120637,B,2.3199151128041398
36,356,2.5364466697189973,B,2.3199151128041398
36,88125,1.684032704893014,B,2.3199151128041398
36,527,1.8163128913993665,B,2.3199151128041398
36,72998,2.4040092603319576,B,2.3199151128041398
36,593,1.9599005997637722,B,2.3199151128041398
36,260,2.7625384950049527,B,2.3199151128041398
36,3578,2.9534939561090154,B,2.3199151128041398
36,1704,3.661296799692113,B,2.3199151128041398
36,69844,3.2131429528883113,B,2.3199151128041398
36,81834,2.3332496145943553,B,2.3199151128041398
37,79132,1.7654816061025362,A,2.3383774785300773
37,109487,1.3949981096582325,A,2.3383774785300773
37,58559,1.0,A,2.3383774785300773
37,48780,2.5624339227645523,A,2.3383774785300773
37,134130,2.7796183552277904,A,2.3383774785300773
37,91529,1.0,A,2.3383774785300773
37,122912,2.837665038251673,A,2.3383774785300773
37,318,1.429237006611973,A,2.3383774785300773
37,122904,4.220680253093629,A,2.3383774785300773
37,122914,2.7452578965724896,A,2.3383774785300773
37,60069,4.2308481411245635,A,2.3383774785300773
37,92259,1.6888289819629847,A,2.3383774785300773
37,111759,2.959605707262611,A,2.3383774785300773
37,195159,1.0,A,2.3383774785300773
37,33794,3.46100715931812,A,2.3383774785300773
38,590,4.316488438557347,B,2.4985777250665677
38,356,3.4903571858345983,B,2.4985777250665677
38,920,2.048557870346024,B,2.4985777250665677
38,1035,3.3743720627697456,B,2.4985777250665677
38,953,1.3026329741826974,B,2.4985777250665677
38,527,3.295726476655169,B,2.4985777250665677
38,7153,2.702136467591514,B,2.4985777250665677
38,2324,1.2288101738156367,B,2.4985777250665677
38,5952,1.8676551876157115,B,2.4985777250665677
38,4993,1.3278113265163625,B,2.4985777250665677
38,110,1.5794213782280733,B,2.4985777250665677
38,62,3.498735898423367,B,2.4985777250665677
38,919,1.1070606861992922,B,2.4985777250665677
38,1097,4.1772339209613465,B,2.4985777250665677
38,858,2.1616658283016332,B,2.4985777250665677
39,260,2.570884320528995,B,2.753086550370775
39,912,2.3252990681992833,B,2.753086550370775
39,1196,2.87356315941879,B,2.753086550370775
39,858,2.158659050635987,B,2.753086550370775
39,923,4.38191328840287,B,2.753086550370775
39,750,3.4193134700832295,B,2.753086550370775
39,608,2.6449890431477097,B,2.753086550370775
39,1198,3.541934926252792,B,2.753086550370775
39,296,2.778862350025528,B,2.753086550370775
39,1252,3.9379663302329644,B,2.753086550370775
39,541,1.8269288950007474,B,2.753086550370775
39,1204,2.2365747943511574,B,2.753086550370775
39,924,2.127679852685784,B,2.753086550370775
39,1230,2.6876636721478464,B,2.753086550370775
39,1221,1.7840660344479495,B,2.753086550370775
40,2959,3.0436223164888947,B,2.6066166035665077
40,79132,3.4038290303445704,B,2.6066166035665077
40,109487,2.7611278809390454,B,2.6066166035665077
40,7153,3.1354775480346135,B,2.6066166035665077
40,4993,3.4421917145794936,B,2.6066166035665077
40,171011,3.180408335028882,B,2.6066166035665077
40,5952,3.891542857177246,B,2.6066166035665077
40,109374,1.0,B,2.6066166035665077
40,44191,1.7803573493353568,B,2.6066166035665077
40,170705,2.829653540037058,B,2.6066166035665077
40,4011,2.635021064034503,B,2.6066166035665077
40,159817,1.0,B,2.6066166035665077
40,293,2.1964396409381086,B,2.6066166035665077
40,179135,1.0,B,2.6066166035665077
40,5618,3.799577776559844,B,2.6066166035665077
41,220528,1.0,A,2.0984022830573026
41,195671,1.7006827762307728,A,2.0984022830573026
41,58,1.6771097412977236,A,2.0984022830573026
41,5060,1.0,A,2.0984022830573026
41,142115,1.0,A,2.0984022830573026
41,105250,1.0,A,2.0984022830573026
41,159817,3.390506575595344,A,2.0984022830573026
41,1949,3.7886121832075457,A,2.0984022830573026
41,171495,3.080886074854951,A,2.0984022830573026
41,171011,1.0,A,2.0984022830573026
41,93040,1.7292145369207668,A,2.0984022830573026
41,86536,3.6933452166773364,A,2.0984022830573026
41,100044,2.688888015978386,A,2.0984022830573026
41,26073,2.907444985467494,A,2.0984022830573026
41,89985,1.819344139629215,A,2.0984022830573026
42,1,2.922446882354883,A,2.2603167922601695
42,593,1.8595046996510982,A,2.2603167922601695
42,195159,2.9803837824489468,A,2.2603167922601695
42,78499,1.7338956581793399,A,2.2603167922601695
42,3114,2.732065559174952,A,2.2603167922601695
42,1148,2.0407566695999653,A,2.2603167922601695
42,8961,2.1971661244743235,A,2.2603167922601695
42,202439,2.856072026863994,A,2.2603167922601695
42,720,1.1733193742152046,A,2.2603167922601695
42,745,2.5838519163922644,A,2.2603167922601695
42,1200,1.0,A,2.2603167922601695
42,589,3.0421031643097125,A,2.2603167922601695
42,4226,2.580679837537817,A,2.2603167922601695
42,1214,1.2532228122006337,A,2.2603167922601695
42,58559,2.9492833764994075,A,2.2603167922601695
43,109487,2.7948375601469624,A,2.0204981844084933
43,79132,3.625480794066742,A,2.0204981844084933
43,171011,1.5762347359342197,A,2.0204981844084933
43,31658,2.936548556282802,A,2.0204981844084933
43,5618,1.0,A,2.0204981844084933
43,179135,1.5158943588209697,A,2.0204981844084933
43,159817,1.0,A,2.0204981844084933
43,220528,1.0,A,2.0204981844084933
43,195671,2.957523241548994,A,2.0204981844084933
43,3000,2.402905395050458,A,2.0204981844084933
43,176601,2.6084265554224535,A,2.0204981844084933
43,182723,1.0,A,2.0204981844084933
43,164179,1.0,A,2.0204981844084933
43,74458,3.237990442188529,A,2.0204981844084933
43,48780,1.6516311266652632,A,2.0204981844084933
44,4993,4.101289840182566,B,2.3729617048854297
44,7153,2.3684534784158124,B,2.3729617048854297
44,5952,1.0,B,2.3729617048854297
44,858,2.3146263833237875,B,2.3729617048854297
44,527,1.6096605993744988,B,2.3729617048854297
44,318,3.152763938845945,B,2.3729617048854297
44,1221,3.1191232518026615,B,2.3729617048854297
44,171011,1.0,B,2.3729617048854297
44,159817,1.7973747091635845,B,2.3729617048854297
44,1203,2.0885540142051253,B,2.3729617048854297
44,170705,1.8171915938752892,B,2.3729617048854297
44,1196,3.0137208977786303,B,2.3729617048854297
44,593,3.5414184665507547,B,2.3729617048854297
44,5618,2.034771973710905,B,2.3729617048854297
44,58559,2.6354764260518846,B,2.3729617048854297
45,195671,3.091184889828079,B,1.942853867681442
45,139100,3.635042859995953,B,1.942853867681442
45,171011,1.998064468077426,B,1.942853867681442
45,220528,1.0,B,1.942853867681442
45,159817,1.4493328147048101,B,1.942853867681442
45,86536,2.8152115246105556,B,1.942853867681442
45,89985,1.5818701606553847,B,1.942853867681442
45,182723,1.3922708351576323,B,1.942853867681442
45,137904,2.9466857913746045,B,1.942853867681442
45,179135,2.3150622270542427,B,1.942853867681442
45,26073,1.0,B,1.942853867681442
45,171769,1.8662418140119585,B,1.942853867681442
45,100044,1.1755174828495498,B,1.942853867681442
45,90592,1.6316114725046205,B,1.942853867681442
45,52104,1.244711674396813,B,1.942853867681442
46,1214,2.438164755038995,A,2.465436190708567
46,924,4.649021661426342,A,2.465436190708567
46,2019,2.8769253851911354,A,2.465436190708567
46,1219,2.511721714658381,A,2.465436190708567
46,1200,3.2842741289838924,A,2.465436190708567
46,858,2.6848228880623317,A,2.465436190708567
46,593,1.0035639516975217,A,2.465436190708567
46,904,2.05769935820887,A,2.465436190708567
46,1203,2.041327785582075,A,2.465436190708567
46,1204,2.1804155948423674,A,2.465436190708567
46,923,2.0978338745531926,A,2.465436190708567
46,1387,3.060798966144868,A,2.465436190708567
46,1233,1.5663499161192993,A,2.465436190708567
46,541,3.5286228801192365,A,2.465436190708567
46,912,1.0,A,2.465436190708567
47,171011,3.369870174413496,A,2.0058016738891684
47,159817,3.3973550275413182,A,2.0058016738891684
47,195671,1.0,A,2.0058016738891684
47,170705,1.0693531110112775,A,2.0058016738891684
47,220528,2.0111412451474067,A,2.0058016738891684
47,171495,1.0,A,2.0058016738891684
47,139100,1.4668353335633464,A,2.0058016738891684
47,179135,1.9288400633757548,A,2.0058016738891684
47,142115,2.5094819488894284,A,2.0058016738891684
47,105250,1.0,A,2.0058016738891684
47,86536,2.7957381623049367,A,2.0058016738891684
47,89985,1.0,A,2.0058016738891684
47,26073,1.7175945572960323,A,2.0058016738891684
47,90592,3.263836436780017,A,2.0058016738891684
47,182723,2.556979048014514,A,2.0058016738891684
48,593,1.410191004370199,B,2.4327845071273453
48,318,3.1653278665899602,B,2.4327845071273453
48,356,1.7300485796047527,B,2.4327845071273453
48,2571,2.1809202908229643,B,2.4327845071273453
48,2762,2.8744219399172874,B,2.4327845071273453
48,1270,3.4687642141709256,B,2.4327845071273453
48,1721,2.855827459921013,B,2.4327845071273453
48,527,1.0,B,2.4327845071273453
48,589,2.182105764541906,B,2.4327845071273453
48,480,1.506924743331069,B,2.4327845071273453
48,47,2.039553488483774,B,2.4327845071273453
48,110,3.0579078679517027,B,2.4327845071273453
48,3147,1.95748904610177,B,2.4327845071273453
48,1704,3.382281727960872,B,2.4327845071273453
48,2858,3.6800036131419898,B,2.4327845071273453
49,296,2.1749884675512297,B,2.0446212934677517
49,50,2.341212070137893,B,2.0446212934677517
49,318,1.0,B,2.0446212934677517
49,1136,1.00970319043514,B,2.0446212934677517
49,159817,3.2890391888844683,B,2.0446212934677517
49,2959,1.8312961995023775,B,2.0446212934677517
49,170705,1.3252183576058927,B,2.0446212934677517
49,171011,2.9670266145664086,B,2.0446212934677517
49,1732,3.0639710363112584,B,2.0446212934677517
49,858,3.6058868890264257,B,2.0446212934677517
49,750,1.1716492672695895,B,2.0446212934677517
49,4226,3.072433886528019,B,2.0446212934677517
49,109374,1.0,B,2.0446212934677517
49,1196,1.256729603090137,B,2.0446212934677517
49,6016,1.5601646311074369,B,2.0446212934677517
50,58559,1.0295171929257028,B,2.9436352666705448
50,296,5.0,B,2.9436352666705448
50,858,2.9628599692900144,B,2.9436352666705448
50,1221,2.594265817334955,B,2.9436352666705448
50,91529,3.3974629340810156,B,2.9436352666705448
50,7153,1.6238610807753742,B,2.9436352666705448
50,3578,3.1275786968616197,B,2.9436352666705448
50,110,3.140013269742137,B,2.9436352666705448
50,5952,1.7313320017740488,B,2.9436352666705448
50,4993,3.245118816187616,B,2.9436352666705448
50,2028,3.647391715222985,B,2.9436352666705448
50,1213,4.597360412675505,B,2.9436352666705448
50,2959,2.7693625449663073,B,2.9436352666705448
50,106782,3.359227117365508,B,2.9436352666705448
50,1196,1.9291774308553835,B,2.9436352666705448
51,260,4.046527836528806,B,2.493491277053384
51,1196,4.0034858944598595,B,2.493491277053384
51,858,1.5171615607474813,B,2.493491277053384
51,4993,1.9518189266667192,B,2.493491277053384
51,7153,3.4194841361107406,B,2.493491277053384
51,1221,2.757391908869675,B,2.493491277053384
51,5952,2.8473873173250137,B,2.493491277053384
51,296,1.391887833953246,B,2.493491277053384
51,1210,1.8090868868049577,B,2.493491277053384
51,1198,3.465374875046117,B,2.493491277053384
51,541,1.2807753509168742,B,2.493491277053384
51,1208,1.8582750824003498,B,2.493491277053384
51,912,1.671690693098119,B,2.493491277053384
51,924,1.0478971216432145,B,2.493491277053384
51,750,4.33412373122958,B,2.493491277053384
52,122912,5.0,B,3.12867663189279
52,122914,3.6541244148033467,B,3.12867663189279
52,2571,1.986713216786134,B,3.12867663189279
52,89745,3.4220592321497447,B,3.12867663189279
52,260,3.869875638540933,B,3.12867663189279
52,122886,4.207798514893348,B,3.12867663189279
52,1196,3.7794443067187413,B,3.12867663189279
52,58559,3.1417032385278088,B,3.12867663189279
52,68358,2.150837289154459,B,3.12867663189279
52,59315,2.250758420489765,B,3.12867663189279
52,91529,4.592647756297845,B,3.12867663189279
52,122916,1.7765871806712132,B,3.12867663189279
52,7153,2.845639816090215,B,3.12867663189279
52,112852,2.5287425394323666,B,3.12867663189279
52,1210,1.7232179138359354,B,3.12867663189279
53,858,2.2697398103105177,A,2.000615852593844
53,1221,2.744282288486563,A,2.000615852593844
53,912,1.9023309641167596,A,2.000615852593844
53,170705,1.0,A,2.000615852593844
53,171011,3.0918970233914895,A,2.000615852593844
53,1252,1.8717748027412355,A,2.000615852593844
53,1204,2.574661891775323,A,2.000615852593844
53,923,2.336224369484336,A,2.000615852593844
53,904,1.0,A,2.000615852593844
53,527,2.008012372415224,A,2.000615852593844
53,44555,3.5060723055817027,A,2.000615852593844
53,1233,1.0,A,2.000615852593844
53,3435,1.0,A,2.000615852593844
53,903,1.0,A,2.000615852593844
53,908,2.704241960604505,A,2.000615852593844
54,858,1.0732706443521898,A,1.8269139666607281
54,170705,1.0,A,1.8269139666607281
54,1221,3.8841571856449035,A,1.8269139666607281
54,171011,1.2161624562365438,A,1.8269139666607281
54,159817,1.0,A,1.8269139666607281
54,195671,1.5823855245998844,A,1.8269139666607281
54,139100,1.0015394362140295,A,1.8269139666607281
54,220528,1.8744574110117012,A,1.8269139666607281
54,86536,3.501296329318083,A,1.8269139666607281
54,89985,2.7801842762078923,A,1.8269139666607281
54,179135,1.3239640224108347,A,1.8269139666607281
54,137904,2.7441899733999806,A,1.8269139666607281
54,90592,1.0,A,1.8269139666607281
54,182723,1.9105203390624523,A,1.8269139666607281
54,100044,1.5115819014524314,A,1.8269139666607281
55,122914,2.2749151680172077,B,2.7684128056252137
55,122912,3.129264630584235,B,2.7684128056252137
55,1212,3.0368916305735008,B,2.7684128056252137
55,148626,3.942493260848382,B,2.7684128056252137
55,1284,1.1662221232003283,B,2.7684128056252137
55,306,1.724909292417423,B,2.7684128056252137
55,307,2.3432426095896703,B,2.7684128056252137
55,213,2.223336052653286,B,2.7684128056252137
55,3134,3.7574641902588777,B,2.7684128056252137
55,913,3.912376927557809,B,2.7684128056252137
55,2019,1.9623428216584389,B,2.7684128056252137
55,162414,4.197966692767793,B,2.7684128056252137
55,122916,2.5174994010934446,B,2.7684128056252137
55,858,3.37469445769511,B,2.7684128056252137
55,168492,1.9625728254627028,B,2.7684128056252137
56,4973,2.257245122779142,A,2.1509925442183975
56,171011,1.0,A,2.1509925442183975
56,296,2.169848924381702,A,2.1509925442183975
56,159817,3.2489882648493467,A,2.1509925442183975
56,7361,2.4732317707002953,A,2.1509925442183975
56,1197,2.039598928191124,A,2.1509925442183975
56,2858,1.273233522569909,A,2.1509925442183975
56,1148,1.9658402568693438,A,2.1509925442183975
56,745,2.0511366909640594,A,2.1509925442183975
56,1136,2.6339848804257597,A,2.1509925442183975
56,46578,3.26111164801618,A,2.1509925442183975
56,720,2.748345804804543,A,2.1509925442183975
56,1073,2.5087346609957177,A,2.1509925442183975
56,2997,1.0,A,2.1509925442183975
56,202439,1.6335876877288367,A,2.1509925442183975
57,7153,1.4552820839223761,A,2.5836209426945373
57,5952,4.056687141730922,A,2.5836209426945373
57,4993,2.902935740064411,A,2.5836209426945373
57,58559,2.4808032300994274,A,2.5836209426945373
57,99114,2.1339819837111205,A,2.5836209426945373
57,91529,3.1299725061429253,A,2.5836209426945373
57,204698,2.4754461958058496,A,2.5836209426945373
57,106782,1.3862194330613384,A,2.5836209426945373
57,3275,2.2213187349217836,A,2.5836209426945373
57,98809,3.2881144668351654,A,2.5836209426945373
57,51662,1.9983679461978128,A,2.5836209426945373
57,858,3.1175424132282594,A,2.5836209426945373
57,1221,1.4946052466759225,A,2.5836209426945373
57,122904,3.6098312376781854,A,2.5836209426945373
57,4011,3.0032057803425585,A,2.5836209426945373
58,17,3.479107468376545,A,2.1864173990929388
58,88125,2.3204207356225517,A,2.1864173990929388
58,81834,1.4779951236086903,A,2.1864173990929388
58,7669,2.815277340928535,A,2.1864173990929388
58,69844,1.2379206857674245,A,2.1864173990929388
58,2396,1.0,A,2.1864173990929388
58,179819,2.3786383772255286,A,2.1864173990929388
58,8368,1.9143811379740414,A,2.1864173990929388
58,122886,1.7401176052558065,A,2.1864173990929388
58,106487,2.8596208178894518,A,2.1864173990929388
58,39183,2.6564613877492786,A,2.1864173990929388
58,54001,2.4106834961632164,A,2.1864173990929388
58,91500,3.140429500962107,A,2.1864173990929388
58,912,1.7918897911301725,A,2.1864173990929388
58,164179,1.5733175177407297,A,2.1864173990929388
59,318,1.8169348648775796,A,2.4748764621139987
59,858,1.8609662422459534,A,2.4748764621139987
59,50,2.9956871092883492,A,2.4748764621139987
59,527,3.0531815429473554,A,2.4748764621139987
59,1221,3.5948910097457336,A,2.4748764621139987
59,170705,2.0406023862299363,A,2.4748764621139987
59,1193,1.8152952315920037,A,2.4748764621139987
59,159817,4.721193743903305,A,2.4748764621139987
59,44555,2.419577881165408,A,2.4748764621139987
59,171011,3.8414933321189504,A,2.4748764621139987
59,2324,2.606664998073858,A,2.4748764621139987
59,1172,1.0,A,2.4748764621139987
59,1203,1.9853923893950864,A,2.4748764621139987
59,1136,2.371266200126465,A,2.4748764621139987
59,6016,1.0,A,2.4748764621139987
60,589,1.015256659522332,A,2.058993657485302
60,1270,2.977689621731043,A,2.058993657485302
60,2571,2.658309688944925,A,2.058993657485302
60,1198,1.3362600435253043,A,2.058993657485302
60,1036,2.845105958585231,A,2.058993657485302
60,1240,2.5204856759876813,A,2.058993657485302
60,1265,1.7991054306119234,A,2.058993657485302
60,457,1.5996609927850738,A,2.058993657485302
60,480,2.3442289247523354,A,2.058993657485302
60,377,2.5693751648150704,A,2.058993657485302
60,780,1.9796460479645261,A,2.058993657485302
60,1527,1.0,A,2.058993657485302
60,1200,1.0,A,2.058993657485302
60,380,2.4391383724969082,A,2.058993657485302
60,1291,2.8006422805571707,A,2.058993657485302
61,1721,2.915722216729622,B,2.2748925686611736
61,2571,2.7945442098091133,B,2.2748925686611736
61,593,3.252082935955653,B,2.2748925686611736
61,527,3.0580658332128103,B,2.2748925686611736
61,110,1.9808419996863513,B,2.2748925686611736
61,260,1.5336462834024727,B,2.2748925686611736
61,2762,3.1467632915770936,B,2.2748925686611736
61,480,1.0,B,2.2748925686611736
61,7153,1.6795595187346883,B,2.2748925686611736
61,4993,1.1899518931235689,B,2.2748925686611736
61,1214,2.82195319873426,B,2.2748925686611736
61,1200,2.2314738966602676,B,2.2748925686611736
61,5952,1.6863312941738753,B,2.2748925686611736
61,318,2.0149594537229203,B,2.2748925686611736
61,589,2.817492504394905,B,2.2748925686611736
62,195671,2.0097759747923014,A,1.797785415568554
62,139100,1.0,A,1.797785415568554
62,170705,2.020639031090089,A,1.797785415568554
62,220528,2.205675516954082,A,1.797785415568554
62,318,1.0,A,1.797785415568554
62,89985,1.6778518698894451,A,1.797785415568554
62,86536,3.312326132495359,A,1.797785415568554
62,171011,1.9337457846908426,A,1.797785415568554
62,90592,1.9350075459352425,A,1.797785415568554
62,182723,1.660911456715167,A,1.797785415568554
62,137904,1.0,A,1.797785415568554
62,159817,1.6290094968739428,A,1.797785415568554
62,100044,2.5982924529843405,A,1.797785415568554
62,261955,1.9835459711075039,A,1.797785415568554
62,42584,1.0,A,1.797785415568554
63,858,2.936483481913777,A,2.6545805596102676
63,1221,1.6553725146985885,A,2.6545805596102676
63,58559,3.039666885648035,A,2.6545805596102676
63,593,2.860737542827185,A,2.6545805596102676
63,296,1.0,A,2.6545805596102676
63,1213,4.153375721027026,A,2.6545805596102676
63,47,2.5683939020114313,A,2.6545805596102676
63,318,3.363214072782723,A,2.6545805596102676
63,170705,2.524862929016289,A,2.6545805596102676
63,171011,3.270815713184252,A,2.6545805596102676
63,202439,3.3679558959710603,A,2.6545805596102676
63,6016,2.831403016356703,A,2.6545805596102676
63,527,2.492822672033374,A,2.6545805596102676
63,159817,2.5859148055909396,A,2.6545805596102676
63,55820,1.1676892410926254,A,2.6545805596102676
64,858,4.509370196214582,B,3.0447124399409873
64,1221,2.268770217904271,B,3.0447124399409873
64,527,3.053114902082098,B,3.0447124399409873
64,318,3.6315716847246704,B,3.0447124399409873
64,2028,3.1268463371001944,B,3.0447124399409873
64,1193,3.5840225818258546,B,3.0447124399409873
64,5995,2.654049997477197,B,3.0447124399409873
64,593,4.002226569443708,B,3.0447124399409873
64,1213,2.836515288935355,B,3.0447124399409873
64,33166,4.695428773564186,B,3.0447124399409873
64,2858,1.4479493161449273,B,3.0447124399409873
64,356,2.443339728685194,B,3.0447124399409873
64,1263,3.391860551022086,B,3.0447124399409873
64,1704,2.101269042010474,B,3.0447124399409873
64,48516,1.9243514119800151,B,3.0447124399409873
65,270698,2.364997339889994,A,1.6362346129812262
65,195671,1.0,A,1.6362346129812262
65,139100,1.0,A,1.6362346129812262
65,220528,1.3752316764411476,A,1.6362346129812262
65,171011,2.352494479330191,A,1.6362346129812262
65,286897,1.0,A,1.6362346129812262
65,159817,2.009957131117251,A,1.6362346129812262
65,86536,1.3616679329195898,A,1.6362346129812262
65,89985,1.8754269970766884,A,1.6362346129812262
65,157373,1.5299387834320226,A,1.6362346129812262
65,174703,2.660735454660295,A,1.6362346129812262
65,182723,3.0130693998512097,A,1.6362346129812262
65,228099,1.0,A,1.6362346129812262
65,152970,1.0,A,1.6362346129812262
65,171769,1.0,A,1.6362346129812262
66,4973,3.274295516854581,A,2.03249337828771
66,2324,2.121321359173767,A,2.03249337828771
66,4993,1.7023703669490349,A,2.03249337828771
66,318,1.0,A,2.03249337828771
66,7153,1.973548135171202,A,2.03249337828771
66,5952,1.7219688601879648,A,2.03249337828771
66,527,2.410433059733697,A,2.03249337828771
66,88125,1.5015114722433593,A,2.03249337828771
66,92259,1.4439613272382386,A,2.03249337828771
66,159817,1.9384813416200886,A,2.03249337828771
66,171011,3.542338389951084,A,2.03249337828771
66,50,1.0,A,2.03249337828771
66,81834,2.0117164439245787,A,2.03249337828771
66,170705,2.357202362895071,A,2.03249337828771
66,260,2.488252038372989,A,2.03249337828771
67,260,3.4560319048076975,B,2.7969443621723125
67,1196,3.8396306202206825,B,2.7969443621723125
67,1210,2.6036393329907095,B,2.7969443621723125
67,858,3.3361098423940265,B,2.7969443621723125
67,7153,2.0914604813204054,B,2.7969443621723125
67,5952,2.492709571905059,B,2.7969443621723125
67,4993,4.502883521959385,B,2.7969443621723125
67,1221,1.534975074892452,B,2.7969443621723125
67,1198,4.643175580094064,B,2.7969443621723125
67,1201,2.5645812818217237,B,2.7969443621723125
67,2019,2.737187566358523,B,2.7969443621723125
67,1287,2.9162394695833767,B,2.7969443621723125
67,1954,1.4094783382311502,B,2.7969443621723125
67,110,2.0734976068675115,B,2.7969443621723125
67,3552,1.7525652391379223,B,2.7969443621723125
68,2324,2.7932476037057077,A,2.5637033568141834
68,7371,2.1201251851076104,A,2.5637033568141834
68,3910,1.4685906865579406,A,2.5637033568141834
68,5618,2.6690447563149307,A,2.5637033568141834
68,3677,3.877612605831398,A,2.5637033568141834
68,5690,3.5856805445395983,A,2.5637033568141834
68,204698,2.970906715164112,A,2.5637033568141834
68,171011,2.6907931278157986,A,2.5637033568141834
68,1354,2.065479232738248,A,2.5637033568141834
68,31658,2.924592006720191,A,2.5637033568141834
68,326,2.422966747456886,A,2.5637033568141834
68,220528,3.4233429611736916,A,2.5637033568141834
68,26587,1.3472892764358149,A,2.5637033568141834
68,3462,2.0263840204398367,A,2.5637033568141834
68,159817,2.06949488221099,A,2.5637033568141834
69,88125,2.5540222651009836,B,2.346145879792273
69,260,3.7760790302010756,B,2.346145879792273
69,2571,1.1369413700593567,B,2.346145879792273
69,81834,2.010115584466275,B,2.346145879792273
69,7153,2.132643204101264,B,2.346145879792273
69,69844,4.386044087543739,B,2.346145879792273
69,4993,2.099846735872192,B,2.346145879792273
69,8368,2.608373557847517,B,2.346145879792273
69,5952,3.6972837148653523,B,2.346145879792273
69,54001,1.8365125431816445,B,2.346145879792273
69,40815,1.0,B,2.346145879792273
69,1196,2.081886151957582,B,2.346145879792273
69,4896,1.62960781354513,B,2.346145879792273
69,1210,2.512256600361222,B,2.346145879792273
69,5816,1.730575537780764,B,2.346145879792273
70,1035,1.846147697837886,B,2.114676173679003
70,527,2.170390642457029,B,2.114676173679003
70,953,3.1140788547058627,B,2.114676173679003
70,1307,2.837067017969426,B,2.114676173679003
70,17,1.6827168384977926,B,2.114676173679003
70,919,2.328540719469153,B,2.114676173679003
70,318,2.71733600366034,B,2.114676173679003
70,159817,1.4970713993250393,B,2.114676173679003
70,1097,1.9064854184274205,B,2.114676173679003
70,1207,1.0688568160422203,B,2.114676173679003
70,1028,2.359104246806017,B,2.114676173679003
70,920,1.0,B,2.114676173679003
70,914,1.3618820406028336,B,2.114676173679003
70,171011,2.8991340414160396,B,2.114676173679003
70,899,2.931330867967991,B,2.114676173679003
71,1721,3.4800335809537835,B,1.996240091444786
71,593,1.5430951181119565,B,1.996240091444786
71,195671,3.0720371756066855,B,1.996240091444786
71,139100,2.0181925969543,B,1.996240091444786
71,2571,1.2966963600216468,B,1.996240091444786
71,2762,1.0,B,1.996240091444786
71,86536,1.5204642653634057,B,1.996240091444786
71,89985,1.8071756278426467,B,1.996240091444786
71,1214,2.0591013610879747,B,1.996240091444786
71,220528,1.6438677564102575,B,1.996240091444786
71,182723,3.4661508943802137,B,1.996240091444786
71,137904,1.7296433135525584,B,1.996240091444786
71,171011,1.4611562907565894,B,1.996240091444786
71,90592,1.0,B,1.996240091444786
71,261955,2.8459870306297725,B,1.996240091444786
72,1721,1.264546638876178,B,1.7812410554337934
72,377,2.1980256368675506,B,1.7812410554337934
72,2881,2.817966261276589,B,1.7812410554337934
72,434,1.5123735302683514,B,1.7812410554337934
72,1573,1.0,B,1.7812410554337934
72,59369,2.208953713177024,B,1.7812410554337934
72,1552,1.2238979428850283,B,1.7812410554337934
72,494,1.0,B,1.7812410554337934
72,832,3.072628504231422,B,1.7812410554337934
72,204,1.0,B,1.7812410554337934
72,95,2.1981960459860623,B,1.7812410554337934
72,733,1.7261658997900844,B,1.7812410554337934
72,1917,1.7549701546308125,B,1.7812410554337934
72,1608,1.8181118568922334,B,1.7812410554337934
72,114662,1.922779646625569,B,1.7812410554337934
73,318,3.042538774627184,A,2.374023555256384
73,150,1.5821185602740437,A,2.374023555256384
73,457,1.0,A,2.374023555256384
73,339,2.6672881485670468,A,2.374023555256384
73,1270,1.4976835756164364,A,2.374023555256384
73,11,3.339313417832701,A,2.374023555256384
73,134130,3.078556859928128,A,2.374023555256384
73,1704,2.4588255719763903,A,2.374023555256384
73,2762,4.1251515765954965,A,2.374023555256384
73,1,2.5325568139516004,A,2.374023555256384
73,166643,3.78454192425976,A,2.374023555256384
73,1197,1.0774111731638738,A,2.374023555256384
73,527,2.0539305409461797,A,2.374023555256384
73,440,1.053561913920614,A,2.374023555256384
73,539,2.3168744771863037,A,2.374023555256384
74,858,3.4598669266844464,A,3.114318389623567
74,1221,3.7977389330584796,A,3.114318389623567
74,2028,1.8768802896589387,A,3.114318389623567
74,110,3.293771963303859,A,3.114318389623567
74,3578,5.0,A,3.114318389623567
74,54286,2.5491313626472296,A,3.114318389623567
74,8665,3.642085224123041,A,3.114318389623567
74,5010,2.206792723206187,A,3.114318389623567
74,1213,2.052697054682087,A,3.114318389623567
74,91529,2.9815694365802616,A,3.114318389623567
74,114662,2.1493857591385317,A,3.114318389623567
74,58559,2.557984839620851,A,3.114318389623567
74,49272,4.257123948345531,A,3.114318389623567
74,5418,3.5187485326408625,A,3.114318389623567
74,6,3.3709988506632014,A,3.114318389623567
75,195159,2.1155966576459675,A,1.7895625658952965
75,122904,2.402993291294564,A,1.7895625658952965
75,270698,2.9625968068956627,A,1.7895625658952965
75,1136,1.164571313712061,A,1.7895625658952965
75,109374,1.0,A,1.7895625658952965
75,122916,1.4964083791583422,A,1.7895625658952965
75,112852,1.7791788222388953,A,1.7895625658952965
75,51255,1.2088548337707943,A,1.7895625658952965
75,159817,1.0,A,1.7895625658952965
75,8874,3.110511964954749,A,1.7895625658952965
75,187593,2.916294072992809,A,1.7895625658952965
75,171011,2.2412962581046143,A,1.7895625658952965
75,122912,1.4451360876609858,A,1.7895625658952965
75,94959,1.0,A,1.7895625658952965
75,79702,1.0,A,1.7895625658952965
76,318,1.041971899407012,A,1.9870742494890956
76,356,3.745094144888499,A,1.9870742494890956
76,593,3.7584768408417695,A,1.9870742494890956
76,2571,2.5116051912131727,A,1.9870742494890956
76,2858,2.4601863420674013,A,1.9870742494890956
76,171011,1.1940673151598102,A,1.9870742494890956
76,527,1.2914773497398346,A,1.9870742494890956
76,195671,1.2289822589780148,A,1.9870742494890956
76,220528,2.18359104725402,A,1.9870742494890956
76,159817,2.3416959046185997,A,1.9870742494890956
76,1704,1.9434270662790893,A,1.9870742494890956
76,1246,2.2686120356331516,A,1.9870742494890956
76,1584,1.836926346256062,A,1.9870742494890956
76,296,1.0,A,1.9870742494890956
76,171495,1.0,A,1.9870742494890956
77,1721,3.230097710080335,A,2.999266787114872
77,527,3.987668187240976,A,2.999266787114872
77,109487,3.815294835770774,A,2.999266787114872
77,88125,2.2858533007563975,A,2.999266787114872
77,72998,3.6259253560362437,A,2.999266787114872
77,69844,2.478396541886319,A,2.999266787114872
77,81834,2.4118880877093125,A,2.999266787114872
77,2762,4.004142430063187,A,2.999266787114872
77,1183,2.56759188962697,A,2.999266787114872
77,8368,3.970976321053511,A,2.999266787114872
77,40815,4.4027107658002995,A,2.999266787114872
77,79132,1.0,A,2.999266787114872
77,54001,1.866051505441379,A,2.999266787114872
77,4896,3.6002784341357525,A,2.999266787114872
77,17,1.7421264411216284,A,2.999266787114872
78,109487,1.2836384942835175,A,1.9557363900872873
78,164179,2.7516214632430933,A,1.9557363900872873
78,79132,2.097524004262603,A,1.9557363900872873
78,5618,2.4140229180772583,A,1.9557363900872873
78,171011,2.601765778875242,A,1.9557363900872873
78,2571,1.0,A,1.9557363900872873
78,202439,2.439293694015435,A,1.9557363900872873
78,48780,1.6294636460559186,A,1.9557363900872873
78,286897,2.9615836246689824,A,1.9557363900872873
78,159817,1.932300527529944,A,1.9557363900872873
78,195671,1.0,A,1.9557363900872873
78,1653,1.0,A,1.9557363900872873
78,68237,2.838589049712927,A,1.9557363900872873
78,179135,1.4339785698201584,A,1.9557363900872873
78,220528,1.9522640807642258,A,1.9557363900872873
79,541,2.536330311139823,A,2.182897694085196
79,1214,2.6272290663488924,A,2.182897694085196
79,924,2.3762675391014234,A,2.182897694085196
79,1232,2.4323277005038375,A,2.182897694085196
79,1464,3.4301658716795993,A,2.182897694085196
79,741,2.939968272510469,A,2.182897694085196
79,1200,1.0866971648921944,A,2.182897694085196
79,2427,2.0227264823450515,A,2.182897694085196
79,176371,1.0,A,2.182897694085196
79,2288,1.0,A,2.182897694085196
79,195671,4.22685230928643,A,2.182897694085196
79,122882,2.2766754256378063,A,2.182897694085196
79,1274,1.1109538985645129,A,2.182897694085196
79,220528,2.6772713692679044,A,2.182897694085196
79,198185,1.0,A,2.182897694085196
80,79132,2.9180075028082113,B,3.07513148670496
80,109487,3.633639470419509,B,3.07513148670496
80,92259,2.137664548366597,B,3.07513148670496
80,48780,4.56016365568533,B,3.07513148670496
80,318,5.0,B,3.07513148670496
80,44191,2.7898931164440604,B,3.07513148670496
80,116797,2.9427843204629256,B,3.07513148670496
80,3147,2.4166548623405286,B,3.07513148670496
80,134130,4.515146230366538,B,3.07513148670496
80,3275,2.6753139380432924,B,3.07513148670496
80,356,4.724987006012919,B,3.07513148670496
80,44665,1.3702520008364023,B,3.07513148670496
80,4995,3.173581194242186,B,3.07513148670496
80,7254,2.081033446376064,B,3.07513148670496
80,84152,1.1878510081698352,B,3.07513148670496
81,318,2.6574088423356823,A,1.639892190936673
81,356,2.0697758816611627,A,1.639892190936673
81,92259,2.2387796805327858,A,1.639892190936673
81,170705,1.9903207641526826,A,1.639892190936673
81,1704,1.8462455870023282,A,1.639892190936673
81,2324,1.0,A,1.639892190936673
81,858,1.5837046186720523,A,1.639892190936673
81,159817,1.0,A,1.639892190936673
81,110,1.0,A,1.639892190936673
81,50,1.2379886830979323,A,1.639892190936673
81,171011,1.2162004227536733,A,1.639892190936673
81,1234,1.426280566377458,A,1.639892190936673
81,194448,2.6010554045814582,A,1.639892190936673
81,2028,1.3001627634060333,A,1.639892190936673
81,195671,1.4304596494768467,A,1.639892190936673
82,2571,3.0693100241399462,B,2.246893441887597
82,7153,1.9095334151796204,B,2.246893441887597
82,318,2.9575755765221237,B,2.246893441887597
82,5952,1.180453675190224,B,2.246893441887597
82,4993,3.7708145975941245,B,2.246893441887597
82,110,1.5398733410732794,B,2.246893441887597
82,1704,3.484462286503595,B,2.246893441887597
82,6365,1.7841490831556286,B,2.246893441887597
82,79132,4.091444152743623,B,2.246893441887597
82,2628,1.0,B,2.246893441887597
82,356,2.202662947744157,B,2.246893441887597
82,1210,1.0,B,2.246893441887597
82,6934,2.0809001653217916,B,2.246893441887597
82,50,1.4414328011852804,B,2.246893441887597
82,33493,2.1907895619605675,B,2.246893441887597
83,912,3.131574103447814,A,2.1815845650965557
83,159817,2.79183750539422,A,2.1815845650965557
83,1234,1.6186964387869918,A,2.1815845650965557
83,318,1.6456168394856685,A,2.1815845650965557
83,171011,1.8650574029701563,A,2.1815845650965557
83,170705,2.138615413737629,A,2.1815845650965557
83,260,1.3331577550777411,A,2.1815845650965557
83,1207,3.4517541256943143,A,2.1815845650965557
83,527,2.125013998473581,A,2.1815845650965557
83,44555,2.157504428471601,A,2.1815845650965557
83,1204,1.9586339884132233,A,2.1815845650965557
83,908,1.0,A,2.1815845650965557
83,1203,2.362009309941421,A,2.1815845650965557
83,904,2.310772277565775,A,2.1815845650965557
83,858,2.833524888988201,A,2.1815845650965557
84,170705,2.4692838071482957,B,2.148963856808111
84,159817,1.3054232068868648,B,2.148963856808111
84,122914,2.0256077811266815,B,2.148963856808111
84,171011,1.528458953307798,B,2.148963856808111
84,195671,2.7797081272414474,B,2.148963856808111
84,139100,2.6573228647717806,B,2.148963856808111
84,122912,1.561424691085776,B,2.148963856808111
84,220528,1.9677875122252724,B,2.148963856808111
84,182723,2.5178318903879906,B,2.148963856808111
84,179135,2.4013263735922408,B,2.148963856808111
84,142115,2.28053236880559,B,2.148963856808111
84,100044,3.0128265357414348,B,2.148963856808111
84,89985,2.2455178963035816,B,2.148963856808111
84,86536,1.250145937647455,B,2.148963856808111
84,228099,2.231259905849451,B,2.148963856808111
85,858,5.0,B,2.20734925331575
85,953,2.0508832090687883,B,2.20734925331575
85,356,2.127547883199261,B,2.20734925331575
85,318,2.860058334283273,B,2.20734925331575
85,260,2.9134903596426818,B,2.20734925331575
85,159817,1.0,B,2.20734925331575
85,527,2.363702777295896,B,2.20734925331575
85,1234,1.0,B,2.20734925331575
85,1198,1.0,B,2.20734925331575
85,1221,2.6997376467667076,B,2.20734925331575
85,2324,1.7630107989262922,B,2.20734925331575
85,912,2.637974283314925,B,2.20734925331575
85,2804,1.6323925409797526,B,2.20734925331575
85,1196,2.318821769257352,B,2.20734925331575
85,171011,1.7426191970013285,B,2.20734925331575
86,296,1.6116669040510576,A,1.8885147169707062
86,2959,1.0,A,1.8885147169707062
86,288,1.0,A,1.8885147169707062
86,1089,2.3467253419416227,A,1.8885147169707062
86,202439,1.0,A,1.8885147169707062
86,195671,1.677555555331256,A,1.8885147169707062
86,6874,1.9615526036072608,A,1.8885147169707062
86,4878,1.848443406248947,A,1.8885147169707062
86,2858,1.0,A,1.8885147169707062
86,778,3.325576185798764,A,1.8885147169707062
86,68157,4.8779482645332894,A,1.8885147169707062
86,3949,1.404825894241419,A,1.8885147169707062
86,220528,2.397454966820648,A,1.8885147169707062
86,139100,1.0,A,1.8885147169707062
86,86536,1.8759716319863293,A,1.8885147169707062
87,195159,2.1151974260040403,A,2.4405900602796113
87,164179,1.3207542722485008,A,2.4405900602796113
87,88125,2.461787166117022,A,2.4405900602796113
87,122886,4.447391477857664,A,2.4405900602796113
87,122906,1.9811359102301749,A,2.4405900602796113
87,81834,1.651680861058988,A,2.4405900602796113
87,122914,3.226603732408609,A,2.4405900602796113
87,8368,3.2172980988872273,A,2.4405900602796113
87,122912,3.6613332621538803,A,2.4405900602796113
87,122916,2.345491377565471,A,2.4405900602796113
87,720,3.4002577651014847,A,2.4405900602796113
87,541,1.5695356005834957,A,2.4405900602796113
87,69844,1.1272348558471597,A,2.4405900602796113
87,745,1.5017435723070969,A,2.4405900602796113
87,3996,2.5814055258233575,A,2.4405900602796113
88,858,2.718591212339334,B,2.2090593550518114
88,920,2.194294522120412,B,2.2090593550518114
88,1247,4.100303747627831,B,2.2090593550518114
88,1193,1.69929755889482,B,2.2090593550518114
88,919,2.4855305033187456,B,2.2090593550518114
88,1221,1.8477584123238298,B,2.2090593550518114
88,912,3.8139469643401442,B,2.2090593550518114
88,1230,1.9968097733644423,B,2.2090593550518114
88,953,1.9088817247008303,B,2.2090593550518114
88,1207,1.5866600639647572,B,2.2090593550518114
88,171011,1.0,B,2.2090593550518114
88,159817,1.0,B,2.2090593550518114
88,2804,2.9262890382042546,B,2.2090593550518114
88,527,2.726073843501232,B,2.2090593550518114
88,923,1.1314529610765307,B,2.2090593550518114
89,597,2.475033978458017,A,2.180340704961935
89,88125,2.472024290402169,A,2.180340704961935
89,1721,2.617847410102977,A,2.180340704961935
89,8533,1.0,A,2.180340704961935
89,6942,1.9108868100205223,A,2.180340704961935
89,4896,1.2984203759191735,A,2.180340704961935
89,40815,2.114105577890048,A,2.180340704961935
89,1380,2.6150494045464283,A,2.180340704961935
89,69844,1.4598917751684641,A,2.180340704961935
89,81834,3.6113451162473864,A,2.180340704961935
89,54001,1.0,A,2.180340704961935
89,2706,2.732966412827756,A,2.180340704961935
89,4306,1.773130793280258,A,2.180340704961935
89,72641,3.1230012874280333,A,2.180340704961935
89,8368,2.501407342137794,A,2.180340704961935
90,924,1.0587618217747783,A,2.5432241297934257
90,858,3.7707815719547146,A,2.5432241297934257
90,260,2.6190447041000278,A,2.5432241297934257
90,750,2.5397970021083878,A,2.5432241297934257
90,1208,3.8439422523511855,A,2.5432241297934257
90,1196,4.959886765450177,A,2.5432241297934257
90,1221,1.8528554863226239,A,2.5432241297934257
90,2019,1.0,A,2.5432241297934257
90,1206,2.884696061194876,A,2.5432241297934257
90,541,1.0,A,2.5432241297934257
90,111,2.4347499373206634,A,2.5432241297934257
90,923,4.3302666317623295,A,2.5432241297934257
90,1201,1.7121633496595412,A,2.5432241297934257
90,1204,1.0,A,2.5432241297934257
90,1209,3.1414163629020844,A,2.5432241297934257
91,50,1.5666607299051702,B,2.145394512802764
91,21,1.0,B,2.145394512802764
91,2858,1.4303989038807652,B,2.145394512802764
91,296,3.133002600256795,B,2.145394512802764
91,1805,3.717817037358277,B,2.145394512802764
91,2763,2.948966566712346,B,2.145394512802764
91,555,2.3694797863161354,B,2.145394512802764
91,148626,2.211487488666808,B,2.145394512802764
91,1625,2.0994758441145147,B,2.145394512802764
91,1092,1.0,B,2.145394512802764
91,1704,4.158208174379979,B,2.145394512802764
91,2580,1.0,B,2.145394512802764
91,608,1.6294100590585285,B,2.145394512802764
91,2541,2.3443298354106044,B,2.145394512802764
91,2502,1.5716806659815292,B,2.145394512802764
92,36,1.235393217295977,B,2.070066242867003
92,202439,4.147899863748789,B,2.070066242867003
92,527,1.9019001050849051,B,2.070066242867003
92,7361,3.018483753102654,B,2.070066242867003
92,112552,1.3603565005119134,B,2.070066242867003
92,593,2.349024253406,B,2.070066242867003
92,2858,1.0,B,2.070066242867003
92,318,1.4853213709971982,B,2.070066242867003
92,1,1.4948682934143096,B,2.070066242867003
92,3949,1.4721955604518082,B,2.070066242867003
92,6016,2.106249513928013,B,2.070066242867003
92,134853,1.303837202342366,B,2.070066242867003
92,81591,3.3437273032058625,B,2.070066242867003
92,39183,2.4764799538140685,B,2.070066242867003
92,68954,2.3552567517011864,B,2.070066242867003
93,1199,3.3371048317842824,A,2.569967294871962
93,541,2.1138030847208116,A,2.569967294871962
93,924,3.40690762461874,A,2.569967294871962
93,720,2.681518325249076,A,2.569967294871962
93,1232,3.6359372010630384,A,2.569967294871962
93,5618,3.132303599657795,A,2.569967294871962
93,4144,1.0,A,2.569967294871962
93,5971,2.6924446204149346,A,2.569967294871962
93,162,2.5994129765086074,A,2.569967294871962
93,6643,4.0467930905714855,A,2.569967294871962
93,2657,2.4062846548853116,A,2.569967294871962
93,6669,1.7268033782420595,A,2.569967294871962
93,5291,1.6161816497277433,A,2.569967294871962
93,123,3.154014385635543,A,2.569967294871962
93,99764,1.0,A,2.569967294871962
94,36,3.6961143319198326,A,2.357445856085351
94,1307,4.349173450669664,A,2.357445856085351
94,4246,3.3932426681507426,A,2.357445856085351
94,318,3.0184396119869006,A,2.357445856085351
94,595,3.3507007904587685,A,2.357445856085351
94,56367,1.5672175376165773,A,2.357445856085351
94,17,1.3882377865075244,A,2.357445856085351
94,88810,2.306860581078379,A,2.357445856085351
94,6942,2.6880571309585037,A,2.357445856085351
94,6377,1.528021886102449,A,2.357445856085351
94,134853,1.8018065667214416,A,2.357445856085351
94,2324,1.0,A,2.357445856085351
94,1721,2.7282370575627697,A,2.357445856085351
94,527,1.015390310081274,A,2.357445856085351
94,1271,1.5301881314654366,A,2.357445856085351
95,1036,3.4043740398427382,B,2.1038257310675297
95,3421,1.2868148979222989,B,2.1038257310675297
95,2791,1.9695911194895461,B,2.1038257310675297
95,377,2.3539866401338894,B,2.1038257310675297
95,1923,1.0,B,2.1038257310675297
95,380,1.7210082801365794,B,2.1038257310675297
95,4085,1.2812943008161932,B,2.1038257310675297
95,2795,2.655055461835662,B,2.1038257310675297
95,3039,1.9440543199586022,B,2.1038257310675297
95,786,1.0,B,2.1038257310675297
95,231,1.0,B,2.1038257310675297
95,3868,4.14717357547074,B,2.1038257310675297
95,2706,2.064791689813242,B,2.1038257310675297
95,3552,2.444619240973683,B,2.1038257310675297
95,3210,3.284622399619768,B,2.1038257310675297
96,1721,3.489606590103574,A,2.5115182958829845
96,364,2.6943427592118594,A,2.5115182958829845
96,595,1.4886153720218167,A,2.5115182958829845
96,920,3.9145948852987553,A,2.5115182958829845
96,527,4.189617257011358,A,2.5115182958829845
96,953,2.5780577355628504,A,2.5115182958829845
96,593,2.6405737544213888,A,2.5115182958829845
96,1035,1.0,A,2.5115182958829845
96,594,1.6651056600599614,A,2.5115182958829845
96,1,3.121151607081234,A,2.5115182958829845
96,919,1.0,A,2.5115182958829845
96,858,3.766631519558598,A,2.5115182958829845
96,2081,1.6277136612984535,A,2.5115182958829845
96,171011,2.097378974672,A,2.5115182958829845
96,1097,2.3993846619429204,A,2.5115182958829845
97,296,1.3446349249568537,B,2.566487279857993
97,7153,1.1804192075740476,B,2.566487279857993
97,858,3.566167651830866,B,2.566487279857993
97,4993,2.516732938113661,B,2.566487279857993
97,5952,2.804310305096605,B,2.566487279857993
97,2858,3.714839420940918,B,2.566487279857993
97,318,3.797499092472652,B,2.566487279857993
97,356,1.6032185495871074,B,2.566487279857993
97,1221,2.3156882815467656,B,2.566487279857993
97,527,1.1021299564111022,B,2.566487279857993
97,2324,2.877235192376031,B,2.566487279857993
97,6874,3.0853163506437964,B,2.566487279857993
97,7438,2.6885076708997198,B,2.566487279857993
97,68157,2.747874172667572,B,2.566487279857993
97,88125,3.152735482752199,B,2.566487279857993
98,260,3.255752263803109,B,2.086940752785044
98,1198,1.444882693092965,B,2.086940752785044
98,1196,3.477661044146311,B,2.086940752785044
98,912,1.0,B,2.086940752785044
98,750,2.882181844240386,B,2.086940752785044
98,858,2.4579547137559,B,2.086940752785044
98,2019,1.675522499413908,B,2.086940752785044
98,159817,2.198021905781092,B,2.086940752785044
98,904,1.0125582196793315,B,2.086940752785044
98,171011,1.3100577986348088,B,2.086940752785044
98,1136,3.897805790325811,B,2.086940752785044
98,908,1.7483888840841215,B,2.086940752785044
98,1204,1.0275443748643127,B,2.086940752785044
98,1203,2.2125898882154553,B,2.086940752785044
98,541,1.7031893717381446,B,2.086940752785044
99,296,3.868694469938058,A,2.424875584726533
99,2959,2.440520186115971,A,2.424875584726533
99,2571,1.6905982368803893,A,2.424875584726533
99,171011,2.9356036243135137,A,2.424875584726533
99,6874,1.0,A,2.424875584726533
99,195671,1.044367308840928,A,2.424875584726533
99,159817,3.1047969870464858,A,2.424875584726533
99,139100,3.132229517975746,A,2.424875584726533
99,2858,3.006482934143081,A,2.424875584726533
99,220528,2.1136707860539867,A,2.424875584726533
99,86536,2.9922779269807673,A,2.424875584726533
99,89985,2.1718114250641207,A,2.424875584726533
99,182723,1.8788495886800365,A,2.424875584726533
99,171495,3.0281053051139066,A,2.424875584726533
99,7438,1.9651254737509987,A,2.424875584726533
